{"loss": [9.601791381835938, 3.5705666542053223, 3.4572629928588867, 3.3691399097442627, 3.2644214630126953, 3.206756353378296, 3.128641128540039, 3.0844485759735107, 2.9252688884735107, 2.7541966438293457], "accuracy": [0.024719100445508957, 0.0365971103310585, 0.05104333907365799, 0.06292134523391724, 0.07383627444505692, 0.08282504230737686, 0.10850722342729568, 0.13868378102779388, 0.18041732907295227, 0.22150883078575134], "val_loss": [3.5836637020111084, 3.536097288131714, 3.2921385765075684, 3.186549186706543, 3.1689064502716064, 2.958944797515869, 3.0442469120025635, 2.745756149291992, 2.4739460945129395, 2.202620267868042], "val_accuracy": [0.025641025975346565, 0.056980058550834656, 0.07122506946325302, 0.11965811997652054, 0.13960114121437073, 0.16239316761493683, 0.1794871836900711, 0.24786324799060822, 0.34188035130500793, 0.4729344844818115]}